{
  "hash": "de356a2e",
  "configHash": "8b567988",
  "lockfileHash": "d556e045",
  "browserHash": "621ee5c8",
  "optimized": {
    "@angular/common": {
      "src": "../../../../../../node_modules/@angular/common/fesm2022/common.mjs",
      "file": "@angular_common.js",
      "fileHash": "12ef91ca",
      "needsInterop": false
    },
    "@angular/common/http": {
      "src": "../../../../../../node_modules/@angular/common/fesm2022/http.mjs",
      "file": "@angular_common_http.js",
      "fileHash": "45bd2f69",
      "needsInterop": false
    },
    "@angular/core": {
      "src": "../../../../../../node_modules/@angular/core/fesm2022/core.mjs",
      "file": "@angular_core.js",
      "fileHash": "1af3f97a",
      "needsInterop": false
    },
    "@angular/forms": {
      "src": "../../../../../../node_modules/@angular/forms/fesm2022/forms.mjs",
      "file": "@angular_forms.js",
      "fileHash": "c0d15fde",
      "needsInterop": false
    },
    "@angular/platform-browser": {
      "src": "../../../../../../node_modules/@angular/platform-browser/fesm2022/platform-browser.mjs",
      "file": "@angular_platform-browser.js",
      "fileHash": "b51d2b2f",
      "needsInterop": false
    },
    "@angular/router": {
      "src": "../../../../../../node_modules/@angular/router/fesm2022/router.mjs",
      "file": "@angular_router.js",
      "fileHash": "758a7e66",
      "needsInterop": false
    },
    "@ionic/angular": {
      "src": "../../../../../../node_modules/@ionic/angular/fesm2022/ionic-angular.mjs",
      "file": "@ionic_angular.js",
      "fileHash": "b8ddd109",
      "needsInterop": false
    },
    "@ionic/angular/standalone": {
      "src": "../../../../../../node_modules/@ionic/angular/fesm2022/ionic-angular-standalone.mjs",
      "file": "@ionic_angular_standalone.js",
      "fileHash": "477398b1",
      "needsInterop": false
    },
    "axios": {
      "src": "../../../../../../node_modules/axios/index.js",
      "file": "axios.js",
      "fileHash": "3411ed5c",
      "needsInterop": false
    },
    "uuid": {
      "src": "../../../../../../node_modules/uuid/dist/esm-browser/index.js",
      "file": "uuid.js",
      "fileHash": "ebb8ee40",
      "needsInterop": false
    }
  },
  "chunks": {
    "focus-visible-GWRYEDTP": {
      "file": "focus-visible-GWRYEDTP.js"
    },
    "md.transition-5106a0d2-5RPIU3I6": {
      "file": "md__transition-5106a0d2-5RPIU3I6.js"
    },
    "dom-3FHNNQ6P": {
      "file": "dom-3FHNNQ6P.js"
    },
    "core-js-UR6QH4NU": {
      "file": "core-js-UR6QH4NU.js"
    },
    "swipe-back-FW3YYH5F": {
      "file": "swipe-back-FW3YYH5F.js"
    },
    "keyboard2-4WQNSVO7": {
      "file": "keyboard2-4WQNSVO7.js"
    },
    "index9-5GJWLNN7": {
      "file": "index9-5GJWLNN7.js"
    },
    "status-tap-ROHMFTIC": {
      "file": "status-tap-ROHMFTIC.js"
    },
    "input-shims-H24W4IVJ": {
      "file": "input-shims-H24W4IVJ.js"
    },
    "chunk-7Q5HCUSL": {
      "file": "chunk-7Q5HCUSL.js"
    },
    "chunk-EUT5B6DW": {
      "file": "chunk-EUT5B6DW.js"
    },
    "chunk-T7NLFTSM": {
      "file": "chunk-T7NLFTSM.js"
    },
    "chunk-S73DE2HG": {
      "file": "chunk-S73DE2HG.js"
    },
    "chunk-3I7C3WTY": {
      "file": "chunk-3I7C3WTY.js"
    },
    "shadow-css-H2G6CZU5": {
      "file": "shadow-css-H2G6CZU5.js"
    },
    "ios.transition-U7DMQDOB": {
      "file": "ios__transition-U7DMQDOB.js"
    },
    "md.transition-VBWQO4FP": {
      "file": "md__transition-VBWQO4FP.js"
    },
    "index3-Q5PE5FMN": {
      "file": "index3-Q5PE5FMN.js"
    },
    "hardware-back-button-DU26UVPB": {
      "file": "hardware-back-button-DU26UVPB.js"
    },
    "ios.transition-4ee1a3af-JALSEEJP": {
      "file": "ios__transition-4ee1a3af-JALSEEJP.js"
    },
    "chunk-3LV54IGZ": {
      "file": "chunk-3LV54IGZ.js"
    },
    "chunk-OGQBEJYB": {
      "file": "chunk-OGQBEJYB.js"
    },
    "chunk-37ISS6QP": {
      "file": "chunk-37ISS6QP.js"
    },
    "chunk-IZU65O4W": {
      "file": "chunk-IZU65O4W.js"
    },
    "chunk-SCYRJTXL": {
      "file": "chunk-SCYRJTXL.js"
    },
    "chunk-VEV5BJ2D": {
      "file": "chunk-VEV5BJ2D.js"
    },
    "chunk-OKPK4C3D": {
      "file": "chunk-OKPK4C3D.js"
    },
    "chunk-4AF7KAXZ": {
      "file": "chunk-4AF7KAXZ.js"
    },
    "chunk-R5ME7X4G": {
      "file": "chunk-R5ME7X4G.js"
    },
    "chunk-XPJ5GYR7": {
      "file": "chunk-XPJ5GYR7.js"
    },
    "chunk-YBKELWOD": {
      "file": "chunk-YBKELWOD.js"
    },
    "chunk-ACUVEYEP": {
      "file": "chunk-ACUVEYEP.js"
    },
    "chunk-UWMSXM6I": {
      "file": "chunk-UWMSXM6I.js"
    },
    "chunk-2TYK2BCW": {
      "file": "chunk-2TYK2BCW.js"
    },
    "chunk-BXCD24MX": {
      "file": "chunk-BXCD24MX.js"
    },
    "chunk-2BUB3AMK": {
      "file": "chunk-2BUB3AMK.js"
    },
    "chunk-NWVBADS2": {
      "file": "chunk-NWVBADS2.js"
    },
    "chunk-KJF42GFD": {
      "file": "chunk-KJF42GFD.js"
    },
    "chunk-JRLUJI4U": {
      "file": "chunk-JRLUJI4U.js"
    },
    "chunk-DQQN234J": {
      "file": "chunk-DQQN234J.js"
    },
    "chunk-7IZRYL2Z": {
      "file": "chunk-7IZRYL2Z.js"
    },
    "chunk-SGG6ZD6O": {
      "file": "chunk-SGG6ZD6O.js"
    }
  }
}